<?xml version="1.0" encoding="UTF-8"?>
<project-private xmlns="http://www.netbeans.org/ns/project-private/1">
    <editor-bookmarks xmlns="http://www.netbeans.org/ns/editor-bookmarks/2" lastBookmarkId="0"/>
    <open-files xmlns="http://www.netbeans.org/ns/projectui-open-files/2">
        <group>
            <file>file:/E:/carpeta_modelos/Patrones_estructurales/Practica_facade/src/Modulos/Solicitudprestamo.java</file>
            <file>file:/E:/carpeta_modelos/Patrones_estructurales/Practica_facade/src/Modulos/Estudiocredito.java</file>
            <file>file:/E:/carpeta_modelos/Patrones_estructurales/Practica_facade/src/Modulos/EntidadBancaria.java</file>
            <file>file:/E:/carpeta_modelos/Patrones_estructurales/Practica_facade/src/Cliente/cliente.java</file>
            <file>file:/E:/carpeta_modelos/Patrones_estructurales/Practica_facade/src/Facade/FacadePrestamo.java</file>
            <file>file:/E:/carpeta_modelos/Patrones_estructurales/Practica_facade/src/practica_facade/Practica_facade.java</file>
        </group>
    </open-files>
</project-private>
