<?xml version="1.0" encoding="UTF-8"?>
<project-private xmlns="http://www.netbeans.org/ns/project-private/1">
    <editor-bookmarks xmlns="http://www.netbeans.org/ns/editor-bookmarks/2" lastBookmarkId="0"/>
    <open-files xmlns="http://www.netbeans.org/ns/projectui-open-files/2">
        <group>
            <file>file:/C:/Users/anaro/OneDrive/Documentos/uni/modelos/Practica_state/Practica_state/src/Estados/Enservicio.java</file>
            <file>file:/C:/Users/anaro/OneDrive/Documentos/uni/modelos/Practica_state/Practica_state/src/Interfaces/Estado_ascensor.java</file>
            <file>file:/C:/Users/anaro/OneDrive/Documentos/uni/modelos/Practica_state/Practica_state/src/Estados/Mantenimiento.java</file>
            <file>file:/C:/Users/anaro/OneDrive/Documentos/uni/modelos/Practica_state/Practica_state/src/practica_state/AscensorGUI.java</file>
            <file>file:/C:/Users/anaro/OneDrive/Documentos/uni/modelos/Practica_state/Practica_state/src/Contexto/Ascensor.java</file>
        </group>
    </open-files>
</project-private>
